from_city_id,from_city,to_city_id,to_city,path_id,path_name,from_node,to_node,from_id,to_id,transport,transport_id,from_airport,to_airport,from_airport_id,to_airport_id,price_EUR,price_local,currency_local,distance_km,duration_min
100, 'Antwerp',102, 'Augsburg',0,Train,Anvers-Central,Bruxelles-Nord,100,116,train,3,,,-1,-1,6,,,44,41
100, 'Antwerp',102, 'Augsburg',0,Train,Bruxelles-Nord,Frankfurt(M) Flughafen Fernbf,116,174,train,3,,,-1,-1,30,,,384,163
100, 'Antwerp',102, 'Augsburg',0,Train,Frankfurt,Augsburg Hbf,174,102,train,3,,,174,-1,65,,,357,182
100, 'Antwerp',102, 'Augsburg',1,Bus,Antwerp,"Oberhausen, Nord P+R",100,102,bus,2,,,100,-1,24,45,BGN,803,725
100, 'Antwerp',102, 'Augsburg',2,Drive,Antwerp,Augsburg,100,102,car,4,,,100,102,110,,,703,379
100, 'Antwerp',102, 'Augsburg',3,"Fly Brussels to Munich, train",Anvers-Central,Brussels Airport - Zaventem,100,-1,train,3,,,-1,-1,11,,,39,30
100, 'Antwerp',102, 'Augsburg',3,"Fly Brussels to Munich, train",Brussels,Munich,-1,-1,flight,1,BRU,MUC,116,247,75,,,,75
100, 'Antwerp',102, 'Augsburg',3,"Fly Brussels to Munich, train",Flughafen München,Hauptbahnhof,-1,247,train,3,,,-1,-1,6,,,37,41
100, 'Antwerp',102, 'Augsburg',3,"Fly Brussels to Munich, train",München Hbf,Augsburg Hbf,247,102,train,3,,,-1,-1,4,30,HRK,62,31
100, 'Antwerp',102, 'Augsburg',4,"Train to Amsterdam Schiphol, fly to Munich, train",Anvers-Central,Schiphol Airport,100,111,train,3,,,-1,-1,50,,,146,55
100, 'Antwerp',102, 'Augsburg',4,"Train to Amsterdam Schiphol, fly to Munich, train",Amsterdam Schiphol,Munich,-1,-1,flight,1,AMS,MUC,111,247,75,,,,80
100, 'Antwerp',102, 'Augsburg',4,"Train to Amsterdam Schiphol, fly to Munich, train",Flughafen München,Hauptbahnhof,-1,247,train,3,,,-1,-1,6,,,37,41
100, 'Antwerp',102, 'Augsburg',4,"Train to Amsterdam Schiphol, fly to Munich, train",München Hbf,Augsburg Hbf,247,102,train,3,,,-1,-1,4,30,HRK,62,31
100, 'Antwerp',102, 'Augsburg',5,"Fly Brussels to Frankfurt, train",Anvers-Central,Brussels Airport - Zaventem,100,-1,train,3,,,-1,-1,11,,,39,30
100, 'Antwerp',102, 'Augsburg',5,"Fly Brussels to Frankfurt, train",Brussels,Frankfurt,-1,-1,flight,1,BRU,FRA,116,174,70,,,,60
100, 'Antwerp',102, 'Augsburg',5,"Fly Brussels to Frankfurt, train",Frankfurt,Augsburg Hbf,174,102,train,3,,,174,-1,65,,,357,182
100, 'Antwerp',102, 'Augsburg',6,"Fly Brussels to Zurich, train",Anvers-Central,Brussels Airport - Zaventem,100,-1,train,3,,,-1,-1,11,,,39,30
100, 'Antwerp',102, 'Augsburg',6,"Fly Brussels to Zurich, train",Brussels,Zurich,-1,-1,flight,1,BRU,ZRH,116,370,80,,,,65
100, 'Antwerp',102, 'Augsburg',6,"Fly Brussels to Zurich, train",Zuerich Flughafen,Buchloe,-1,-1,train,3,,,-1,-1,80,80,CHF,254,160
100, 'Antwerp',102, 'Augsburg',6,"Fly Brussels to Zurich, train",Buchloe,Augsburg Hbf,-1,102,train,3,,,-1,-1,7,,,40,27
100, 'Antwerp',104, 'Athens',0,Fly from Brussels,Anvers-Central,Brussels Airport - Zaventem,100,-1,train,3,,,-1,-1,11,,,39,30
100, 'Antwerp',104, 'Athens',0,Fly from Brussels,Brussels,Athens,-1,-1,flight,1,BRU,ATH,116,104,70,,,,180
100, 'Antwerp',104, 'Athens',1,"Train to Amsterdam Schiphol, fly",Anvers-Central,Schiphol Airport,100,111,train,3,,,-1,-1,50,,,146,55
100, 'Antwerp',104, 'Athens',1,"Train to Amsterdam Schiphol, fly",Amsterdam Schiphol,Athens,-1,-1,flight,1,AMS,ATH,111,104,65,,,,190
100, 'Antwerp',104, 'Athens',2,"Train, train to Eindhoven, fly",Anvers-Central,Breda,100,-1,train,3,,,-1,-1,7,,,56,34
100, 'Antwerp',104, 'Athens',2,"Train, train to Eindhoven, fly",Breda,Eindhoven Centraal,-1,172,train,3,,,-1,-1,10,,,58,38
100, 'Antwerp',104, 'Athens',2,"Train, train to Eindhoven, fly","Eindhoven, Station","Eindhoven, Airport",172,172,bus,2,,,-1,-1,2,,,9,24
100, 'Antwerp',104, 'Athens',2,"Train, train to Eindhoven, fly",Eindhoven,Athens,-1,-1,flight,1,EIN,ATH,172,104,45,,,,190
100, 'Antwerp',104, 'Athens',3,"Bus to Charleroi, fly",Anvers-Central,Brussels Airport - Zaventem,100,-1,train,3,,,-1,-1,11,,,39,30
100, 'Antwerp',104, 'Athens',3,"Bus to Charleroi, fly",Brussels Zaventem Airport Parking P16,Charleroi Airport,-1,-1,bus,2,,,-1,-1,12,,,72,30
100, 'Antwerp',104, 'Athens',3,"Bus to Charleroi, fly",Charleroi,Athens,-1,-1,flight,1,CRL,ATH,116,104,50,,,,190
100, 'Antwerp',104, 'Athens',4,"Train, bus via Bratislava",Anvers-Central,Bruxelles-Nord,100,116,train,3,,,-1,-1,6,,,44,41
100, 'Antwerp',104, 'Athens',4,"Train, bus via Bratislava",Bruxelles-Nord,Wien Hbf,116,348,train,3,,,-1,-1,90,,,1151,811
100, 'Antwerp',104, 'Athens',4,"Train, bus via Bratislava",Wien Hbf,Bratislava-Petrzalka,348,136,train,3,,,-1,-1,13,,,74,59
100, 'Antwerp',104, 'Athens',4,"Train, bus via Bratislava",Bratislava-Petrzalka,Bratislava,136,136,taxi,5,,,-1,136,8,,,5,6
100, 'Antwerp',104, 'Athens',4,"Train, bus via Bratislava",Bratislava,Thessaloniki,136,331,bus,2,,,136,331,50,,,1197,749
100, 'Antwerp',104, 'Athens',4,"Train, bus via Bratislava",Thessaloniki,Athens,331,104,train,3,,,331,104,10,,,538,247
100, 'Antwerp',104, 'Athens',5,Bus,Antwerp,Belgrade,100,135,bus,2,,,100,135,60,7500,RSD,1796,1765
100, 'Antwerp',104, 'Athens',5,Bus,Belgrade,Athens,135,104,bus,2,,,135,104,70,,,1133,870
100, 'Antwerp',104, 'Athens',6,Bus via Sofia,Antwerpen,Sofia,100,309,bus,2,,,-1,309,220,,,2226,2100
100, 'Antwerp',104, 'Athens',6,Bus via Sofia,Sofia,Athens,309,104,bus,2,,,309,104,67,131,BGN,792,690
100, 'Antwerp',104, 'Athens',7,"Train, bus",Anvers-Central,Bruxelles-Nord,100,116,train,3,,,-1,-1,6,,,44,41
100, 'Antwerp',104, 'Athens',7,"Train, bus",Bruxelles-Nord,Luxembourg,116,233,train,3,,,-1,233,20,,,225,186
100, 'Antwerp',104, 'Athens',7,"Train, bus",Luxembourg,Metz Ville,233,260,train,3,,,233,-1,3,,,62,61
100, 'Antwerp',104, 'Athens',7,"Train, bus",Avenue Foch,Gare Routière,260,260,bus,2,,,-1,-1,1,,,1,3
100, 'Antwerp',104, 'Athens',7,"Train, bus",Metz Central Bus Station,Athens,260,104,bus,2,,,-1,104,85,170,BGN,2984,2625
100, 'Antwerp',104, 'Athens',8,"Drive, car train",Antwerp,Dusseldorf Hbf,100,161,car,4,,,100,-1,30,,,201,121
100, 'Antwerp',104, 'Athens',8,"Drive, car train",Innsbruck,Athens,202,104,car,4,,,202,104,400,,,2070,1197
100, 'Antwerp',104, 'Athens',9,Drive,Antwerp,Athens,100,104,car,4,,,100,104,500,,,2762,1534
100, 'Antwerp',106, 'Almeria',0,Fly to Almeria,Anvers-Central,Brussels Airport - Zaventem,100,-1,train,3,,,-1,-1,11,,,39,30
100, 'Antwerp',106, 'Almeria',0,Fly to Almeria,Brussels,Almeria,-1,-1,flight,1,BRU,LEI,116,106,85,,,,180
100, 'Antwerp',106, 'Almeria',0,Fly to Almeria,Almeria (LEI),Almería,106,106,taxi,5,,,-1,-1,15,,,9,11
100, 'Antwerp',106, 'Almeria',1,"Fly to Malaga, bus",Anvers-Central,Brussels Airport - Zaventem,100,-1,train,3,,,-1,-1,11,,,39,30
100, 'Antwerp',106, 'Almeria',1,"Fly to Malaga, bus",Brussels,Malaga,-1,-1,flight,1,BRU,AGP,116,249,50,,,,165
100, 'Antwerp',106, 'Almeria',1,"Fly to Malaga, bus",Aeropuerto Malaga,Almeria,249,106,bus,2,,,-1,106,18,,,218,225
100, 'Antwerp',106, 'Almeria',2,Train,Anvers-Central,Paris Nord,100,293,train,3,,,-1,-1,85,,,355,122
100, 'Antwerp',106, 'Almeria',2,Train,Gare du Nord,Gare de Lyon,293,293,train,3,,,-1,-1,1,,,5,7
100, 'Antwerp',106, 'Almeria',2,Train,Paris Gare De Lyon,Barcelona-Sants,293,128,train,3,,,-1,-1,85,,,1073,389
100, 'Antwerp',106, 'Almeria',2,Train,Barcelona-Sants,Madrid-Puerta De Atocha,128,248,train,3,,,-1,-1,60,,,611,165
100, 'Antwerp',106, 'Almeria',2,Train,Madrid-Atocha Cercanias,Almeria,248,106,train,3,,,-1,106,30,,,554,368
100, 'Antwerp',106, 'Almeria',3,Bus,Antwerp,Paris,100,293,bus,2,,,100,293,18,,,354,335
100, 'Antwerp',106, 'Almeria',3,Bus,Paris,Madrid,293,248,bus,2,,,293,248,55,,,1276,980
100, 'Antwerp',106, 'Almeria',3,Bus,Madrid,Almería,248,106,bus,2,,,248,-1,28,,,539,405
100, 'Antwerp',106, 'Almeria',4,"Train, bus",Anvers-Central,Paris Nord,100,293,train,3,,,-1,-1,85,,,355,122
100, 'Antwerp',106, 'Almeria',4,"Train, bus",Paris Nord,Gare d'Austerlitz,293,293,train,3,,,-1,-1,,,,5,14
100, 'Antwerp',106, 'Almeria',4,"Train, bus",Paris Austerlitz,Les Aubrais Orleans,293,-1,train,3,,,-1,-1,40,40,CHF,119,59
100, 'Antwerp',106, 'Almeria',4,"Train, bus",Orleans,Almeria,-1,106,bus,2,,,-1,106,170,,,2318,2955
100, 'Antwerp',106, 'Almeria',5,Drive,Antwerp,Almería,100,106,car,4,,,100,-1,360,,,2154,1210
100, 'Antwerp',106, 'Almeria',6,"Shuttle, bus",Antwerpen-Centraal,Roosendaal,100,-1,train,3,,,-1,-1,5,,,37,48
100, 'Antwerp',106, 'Almeria',6,"Shuttle, bus",Roosendaal,Benidorm,-1,-1,shuttle,9,,,-1,-1,170,,,2009,1361
100, 'Antwerp',106, 'Almeria',6,"Shuttle, bus",Av. Europa 16AC,Paseo Els Tolls 2,-1,-1,bus,2,,,-1,-1,1,,,3,7
100, 'Antwerp',106, 'Almeria',6,"Shuttle, bus",Benidorm Central Bus Station,Almeria Bus Station,-1,106,bus,2,,,-1,-1,10,21,BGN,349,330
100, 'Antwerp',108, 'Aarhus',0,"Fly Brussels to Billund, train",Anvers-Central,Brussels Airport - Zaventem,100,-1,train,3,,,-1,-1,11,11,EUR,39,30
100, 'Antwerp',108, 'Aarhus',0,"Fly Brussels to Billund, train",Brussels,Billund,-1,-1,flight,1,BRU,BLL,116,127,61,,,,85
100, 'Antwerp',108, 'Aarhus',0,"Fly Brussels to Billund, train",Billund Lufthavn / Billund Airport,Vejle Trafikcenter,-1,-1,bus,2,,,-1,-1,3,,,29,30
100, 'Antwerp',108, 'Aarhus',0,"Fly Brussels to Billund, train",Vejle St.,Aarhus H,-1,108,train,3,,,-1,-1,11,,,82,52
100, 'Antwerp',108, 'Aarhus',1,Fly Brussels to Aarhus,Anvers-Central,Brussels Airport - Zaventem,100,-1,train,3,,,-1,-1,11,11,EUR,39,30
100, 'Antwerp',108, 'Aarhus',1,Fly Brussels to Aarhus,Brussels,Aarhus,-1,-1,flight,1,BRU,AAR,116,108,81,,,,190
100, 'Antwerp',108, 'Aarhus',1,Fly Brussels to Aarhus,Aarhus Lufthavn,Aarhus Universitet/Nordre Ringgade,-1,108,bus,2,,,-1,-1,,,,39,42
100, 'Antwerp',108, 'Aarhus',2,"Train to Amsterdam Schiphol, fly to Aarhus",Anvers-Central,Schiphol Airport,100,111,train,3,,,-1,-1,54,50,EUR,146,55
100, 'Antwerp',108, 'Aarhus',2,"Train to Amsterdam Schiphol, fly to Aarhus",Amsterdam Schiphol,Aarhus,-1,-1,flight,1,AMS,AAR,111,108,87,,,,65
100, 'Antwerp',108, 'Aarhus',2,"Train to Amsterdam Schiphol, fly to Aarhus",Aarhus Lufthavn,Aarhus Universitet/Nordre Ringgade,-1,108,bus,2,,,-1,-1,,,,39,42
100, 'Antwerp',108, 'Aarhus',3,"Train to Amsterdam Schiphol, fly to Billund, train",Anvers-Central,Schiphol Airport,100,111,train,3,,,-1,-1,54,50,EUR,146,55
100, 'Antwerp',108, 'Aarhus',3,"Train to Amsterdam Schiphol, fly to Billund, train",Amsterdam Schiphol,Billund,-1,-1,flight,1,AMS,BLL,111,127,62,,,,65
100, 'Antwerp',108, 'Aarhus',3,"Train to Amsterdam Schiphol, fly to Billund, train",Billund Lufthavn / Billund Airport,Vejle Trafikcenter,-1,-1,bus,2,,,-1,-1,3,,,29,30
100, 'Antwerp',108, 'Aarhus',3,"Train to Amsterdam Schiphol, fly to Billund, train",Vejle St.,Aarhus H,-1,108,train,3,,,-1,-1,11,,,82,52
100, 'Antwerp',108, 'Aarhus',4,"Train to Amsterdam Schiphol, fly to Aalborg, train",Anvers-Central,Schiphol Airport,100,111,train,3,,,-1,-1,54,50,EUR,146,55
100, 'Antwerp',108, 'Aarhus',4,"Train to Amsterdam Schiphol, fly to Aalborg, train",Amsterdam Schiphol,Aalborg,-1,-1,flight,1,AMS,AAL,111,107,87,,,,75
100, 'Antwerp',108, 'Aarhus',4,"Train to Amsterdam Schiphol, fly to Aalborg, train",Aalborg Lufthavn St.,Aarhus H,107,108,train,3,,,-1,-1,16,,,144,102
100, 'Antwerp',108, 'Aarhus',5,"Fly Brussels to Copenhagen, train",Anvers-Central,Brussels Airport - Zaventem,100,-1,train,3,,,-1,-1,11,11,EUR,39,30
100, 'Antwerp',108, 'Aarhus',5,"Fly Brussels to Copenhagen, train",Brussels,Copenhagen,-1,-1,flight,1,BRU,CPH,116,147,54,,,,90
100, 'Antwerp',108, 'Aarhus',5,"Fly Brussels to Copenhagen, train",Copenhagen (CPH),CPH Lufthavn,147,147,walk,6,,,-1,-1,,,,1,12
100, 'Antwerp',108, 'Aarhus',5,"Fly Brussels to Copenhagen, train",CPH Lufthavn,Aarhus H,147,108,train,3,,,-1,-1,31,,,337,194
100, 'Antwerp',108, 'Aarhus',6,Train via Osnabrück,Anvers-Central,Breda,100,-1,train,3,,,-1,-1,7,7,EUR,56,34
100, 'Antwerp',108, 'Aarhus',6,Train via Osnabrück,Breda,Zutphen,-1,-1,train,3,,,-1,-1,16,16,EUR,135,102
100, 'Antwerp',108, 'Aarhus',6,Train via Osnabrück,Zutphen,Hengelo,-1,-1,train,3,,,-1,-1,,,,45,38
100, 'Antwerp',108, 'Aarhus',6,Train via Osnabrück,Hengelo,Osnabrueck Hbf,-1,-1,train,3,,,-1,-1,6,6,EUR,95,73
100, 'Antwerp',108, 'Aarhus',6,Train via Osnabrück,Osnabrück Hbf,Hamburg Hbf,-1,196,train,3,,,-1,-1,46,45,EUR,235,111
100, 'Antwerp',108, 'Aarhus',6,Train via Osnabrück,Hamburg Hbf,Aarhus H,196,108,train,3,,,-1,-1,36,,,402,267
100, 'Antwerp',108, 'Aarhus',7,Train,Anvers-Central,Bruxelles-Nord,100,116,train,3,,,-1,-1,6,6,EUR,44,41
100, 'Antwerp',108, 'Aarhus',7,Train,Bruxelles-Nord,Koeln Hbf,116,145,train,3,,,-1,-1,19,19,EUR,216,101
100, 'Antwerp',108, 'Aarhus',7,Train,Köln Hbf,Hamburg Hbf,145,196,train,3,,,-1,-1,74,75,EUR,435,243
100, 'Antwerp',108, 'Aarhus',7,Train,Hamburg Hbf,Aarhus H,196,108,train,3,,,-1,-1,36,,,402,267
100, 'Antwerp',108, 'Aarhus',8,"Train, bus",Anvers-Central,Schiphol Airport,100,111,train,3,,,-1,-1,54,50,EUR,146,55
100, 'Antwerp',108, 'Aarhus',8,"Train, bus",Amsterdam Schiphol Airport,Kolding bus station,111,-1,bus,2,,,-1,-1,34,30,EUR,730,570
100, 'Antwerp',108, 'Aarhus',8,"Train, bus",Kolding St.,Aarhus H,-1,108,train,3,,,-1,-1,15,,,127,91
100, 'Antwerp',108, 'Aarhus',9,Bus,Antwerp,Amsterdam Sloterdijk,100,111,bus,2,,,100,-1,10,10,EUR,161,115
100, 'Antwerp',108, 'Aarhus',9,Bus,Amsterdam Sloterdijk,Kolding bus station,111,-1,bus,2,,,-1,-1,34,30,EUR,714,535
100, 'Antwerp',108, 'Aarhus',9,Bus,Kolding bus station,Aarhus C FlixBus stop,-1,108,bus,2,,,-1,-1,7,8,EUR,99,80
100, 'Antwerp',108, 'Aarhus',10,Drive,Antwerp,Århus,100,108,car,4,,,100,-1,161,,,878,463
100, 'Antwerp',111, 'Amsterdam',0,Train,Anvers-Central,Amsterdam Centraal,100,111,train,3,,,-1,-1,55,,,162,74
100, 'Antwerp',111, 'Amsterdam',1,Bus,Antwerp,Amsterdam Sloterdijk,100,111,bus,2,,,100,-1,10,,,161,115
100, 'Antwerp',111, 'Amsterdam',2,Train via Roosendaal,Antwerpen-Centraal,Roosendaal,100,-1,train,3,,,-1,-1,5,,,37,48
100, 'Antwerp',111, 'Amsterdam',2,Train via Roosendaal,Roosendaal,Amsterdam Centraal,-1,111,train,3,,,-1,-1,16,,,142,114
100, 'Antwerp',111, 'Amsterdam',3,Rideshare,Antwerp,Amsterdam,100,111,rideshare,8,,,100,111,10,,,155,129
100, 'Antwerp',111, 'Amsterdam',4,Drive,Antwerp,Amsterdam,100,111,car,4,,,100,111,30,,,158,111
100, 'Antwerp',111, 'Amsterdam',5,Fly,Anvers-Central,Brussels Airport - Zaventem,100,-1,train,3,,,-1,-1,11,,,39,30
100, 'Antwerp',111, 'Amsterdam',5,Fly,Brussels,Amsterdam Schiphol,-1,-1,flight,1,BRU,AMS,116,111,45,,,,55
100, 'Antwerp',111, 'Amsterdam',5,Fly,Schiphol Airport,Amsterdam Centraal,111,111,train,3,,,-1,-1,6,,,16,14
100, 'Antwerp',113, 'Ankara',0,Fly from Brussels,Anvers-Central,Brussels Airport - Zaventem,100,-1,train,3,,,-1,-1,12,11,EUR,39,30
100, 'Antwerp',113, 'Ankara',0,Fly from Brussels,Brussels,Ankara,-1,-1,flight,1,BRU,ESB,116,113,101,,,,220
100, 'Antwerp',113, 'Ankara',0,Fly from Brussels,Ankara Airport,Ankara,-1,113,bus,2,,,-1,113,1,,,29,30
100, 'Antwerp',113, 'Ankara',1,"Train to Amsterdam Schiphol, fly",Anvers-Central,Schiphol Airport,100,111,train,3,,,-1,-1,50,50,EUR,146,55
100, 'Antwerp',113, 'Ankara',1,"Train to Amsterdam Schiphol, fly",Amsterdam Schiphol,Ankara,-1,-1,flight,1,AMS,ESB,111,113,111,,,,225
100, 'Antwerp',113, 'Ankara',1,"Train to Amsterdam Schiphol, fly",Ankara Airport,Ankara,-1,113,bus,2,,,-1,113,1,,,29,30
100, 'Antwerp',113, 'Ankara',2,"Train, train to Eindhoven, fly",Anvers-Central,Breda,100,-1,train,3,,,-1,-1,7,7,EUR,56,34
100, 'Antwerp',113, 'Ankara',2,"Train, train to Eindhoven, fly",Breda,Eindhoven Centraal,-1,172,train,3,,,-1,-1,11,10,EUR,58,38
100, 'Antwerp',113, 'Ankara',2,"Train, train to Eindhoven, fly","Eindhoven, Station","Eindhoven, Airport",172,172,bus,2,,,-1,-1,2,2,EUR,9,24
100, 'Antwerp',113, 'Ankara',2,"Train, train to Eindhoven, fly",Eindhoven,Ankara,-1,-1,flight,1,EIN,ESB,172,113,60,,,,470
100, 'Antwerp',113, 'Ankara',2,"Train, train to Eindhoven, fly",Ankara Airport,Ankara,-1,113,bus,2,,,-1,113,1,,,29,30
100, 'Antwerp',113, 'Ankara',3,Bus via Sarajevo,Antwerp,Utrecht Central Station,100,-1,bus,2,,,100,-1,9,8,EUR,121,105
100, 'Antwerp',113, 'Ankara',3,Bus via Sarajevo,Utrecht,Sarajevo,-1,310,bus,2,,,-1,310,71,130,BAM,1709,1180
100, 'Antwerp',113, 'Ankara',3,Bus via Sarajevo,Sarajevo,Istanbul,310,207,bus,2,,,310,207,28,27,EUR,1151,840
100, 'Antwerp',113, 'Ankara',3,Bus via Sarajevo,Istanbul,Ankara,207,113,bus,2,,,207,113,3,,,459,390
100, 'Antwerp',113, 'Ankara',4,"Train, bus",Anvers-Central,Bruxelles-Nord,100,116,train,3,,,-1,-1,6,6,EUR,44,41
100, 'Antwerp',113, 'Ankara',4,"Train, bus",Bruxelles-Nord,Frankfurt(M) Flughafen Fernbf,116,174,train,3,,,-1,-1,30,30,EUR,384,163
100, 'Antwerp',113, 'Ankara',4,"Train, bus",Frankfurt,Augsburg Hbf,174,102,train,3,,,174,-1,65,65,EUR,357,182
100, 'Antwerp',113, 'Ankara',4,"Train, bus",Augsburg,Beograd,102,135,bus,2,,,102,-1,40,4900,RSD,1021,750
100, 'Antwerp',113, 'Ankara',4,"Train, bus",Beograd,Pendik,135,-1,bus,2,,,-1,-1,,,,999,1013
100, 'Antwerp',113, 'Ankara',4,"Train, bus",Istanbul Pendik,Ankara,-1,113,train,3,,,-1,113,5,,,519,242
100, 'Antwerp',113, 'Ankara',5,"Train, bus, night train",Anvers-Central,Bruxelles-Nord,100,116,train,3,,,-1,-1,6,6,EUR,44,41
100, 'Antwerp',113, 'Ankara',5,"Train, bus, night train",Bruxelles-Nord,Liege-Guillemins,116,220,train,3,,,-1,-1,10,10,EUR,99,38
100, 'Antwerp',113, 'Ankara',5,"Train, bus, night train",Liege Gare des Guillemins,Bucharest,220,134,bus,2,,,-1,134,137,120,GBP,2318,1471
100, 'Antwerp',113, 'Ankara',5,"Train, bus, night train",Gara Bucureşti Nord,Halkali,134,-1,nighttrain,3,,,-1,-1,16,30,BGN,763,1059
100, 'Antwerp',113, 'Ankara',5,"Train, bus, night train",Halkali,Mustafa Kemal,-1,-1,walk,6,,,-1,-1,,,,2,28
100, 'Antwerp',113, 'Ankara',5,"Train, bus, night train",Mustafa Kemal,Pendik,-1,-1,train,3,,,-1,-1,0,,,53,77
100, 'Antwerp',113, 'Ankara',5,"Train, bus, night train",Istanbul Pendik,Ankara,-1,113,train,3,,,-1,113,5,,,519,242
100, 'Antwerp',113, 'Ankara',6,"Drive, car train",Antwerp,Villach Hbf/Bbf,100,-1,car,4,,,100,-1,191,,,1093,568
100, 'Antwerp',113, 'Ankara',6,"Drive, car train",Edirne,Ankara,-1,113,car,4,,,-1,113,76,,,691,418
100, 'Antwerp',113, 'Ankara',7,Bus,Antwerp,"D-Worringer Platz,W57",100,161,bus,2,,,100,-1,12,12,EUR,199,195
100, 'Antwerp',113, 'Ankara',7,Bus,Dusseldorf Bus Station,Burgas Bus Station South,161,117,bus,2,,,-1,-1,101,190,BGN,2538,2445
100, 'Antwerp',113, 'Ankara',7,Bus,Burgas South,Istanbul,117,207,bus,2,,,-1,207,19,19,EUR,326,300
100, 'Antwerp',113, 'Ankara',7,Bus,Istanbul Otogari,Ankara,207,113,bus,2,,,-1,113,5,,,508,510
100, 'Antwerp',113, 'Ankara',8,"Train, night train",Anvers-Central,Bruxelles-Nord,100,116,train,3,,,-1,-1,6,6,EUR,44,41
100, 'Antwerp',113, 'Ankara',8,"Train, night train",Bruxelles-Nord,Wien Hbf,116,348,train,3,,,-1,-1,91,90,EUR,1151,811
100, 'Antwerp',113, 'Ankara',8,"Train, night train",Wien Hbf,Bucuresti Nord,348,134,nighttrain,3,,,-1,-1,24,110,RON,1122,1103
100, 'Antwerp',113, 'Ankara',8,"Train, night train",Gara Bucureşti Nord,Halkali,134,-1,nighttrain,3,,,-1,-1,16,30,BGN,763,1059
100, 'Antwerp',113, 'Ankara',8,"Train, night train",Istanbul Halkali,Ankara,-1,113,train,3,,,-1,113,5,,,570,322
100, 'Antwerp',113, 'Ankara',9,Drive,Antwerp,Ankara,100,113,car,4,,,100,113,504,,,3070,1705
100, 'Antwerp',115, 'Altenrhein',0,"Fly Brussels to Zurich, train",Anvers-Central,Brussels Airport - Zaventem,100,-1,train,3,,,-1,-1,11,11,EUR,39,30
100, 'Antwerp',115, 'Altenrhein',0,"Fly Brussels to Zurich, train",Brussels,Zurich,-1,-1,flight,1,BRU,ZRH,116,370,81,,,,65
100, 'Antwerp',115, 'Altenrhein',0,"Fly Brussels to Zurich, train",Zürich Flughafen,Rorschach,-1,-1,train,3,,,-1,-1,30,,,92,76
100, 'Antwerp',115, 'Altenrhein',0,"Fly Brussels to Zurich, train","Rorschach, Hauptbahnhof Süd","Altenrhein, Flugplatz",-1,115,bus,2,,,-1,-1,,,,4,7
100, 'Antwerp',115, 'Altenrhein',1,"Fly Brussels to Friedrichshafen, ferry",Anvers-Central,Brussels Airport - Zaventem,100,-1,train,3,,,-1,-1,11,11,EUR,39,30
100, 'Antwerp',115, 'Altenrhein',1,"Fly Brussels to Friedrichshafen, ferry",Brussels,Friedrichshafen,-1,-1,flight,1,BRU,FDH,116,175,122,,,,185
100, 'Antwerp',115, 'Altenrhein',1,"Fly Brussels to Friedrichshafen, ferry",Friedrichsh. Bodensee-Airport,Friedrichsh. Hafenbahnhof,-1,175,bus,2,,,-1,-1,,,,4,10
100, 'Antwerp',115, 'Altenrhein',1,"Fly Brussels to Friedrichshafen, ferry",Romanshorn,Rorschach,-1,-1,train,3,,,-1,-1,3,,,15,20
100, 'Antwerp',115, 'Altenrhein',1,"Fly Brussels to Friedrichshafen, ferry","Rorschach, Hauptbahnhof Süd","Altenrhein, Flugplatz",-1,115,bus,2,,,-1,-1,,,,4,7
100, 'Antwerp',115, 'Altenrhein',2,"Train to Amsterdam Schiphol, fly to Zurich, train",Anvers-Central,Schiphol Airport,100,111,train,3,,,-1,-1,51,50,EUR,146,55
100, 'Antwerp',115, 'Altenrhein',2,"Train to Amsterdam Schiphol, fly to Zurich, train",Amsterdam Schiphol,Zurich,-1,-1,flight,1,AMS,ZRH,111,370,86,,,,80
100, 'Antwerp',115, 'Altenrhein',2,"Train to Amsterdam Schiphol, fly to Zurich, train",Zürich Flughafen,Rorschach,-1,-1,train,3,,,-1,-1,30,,,92,76
100, 'Antwerp',115, 'Altenrhein',2,"Train to Amsterdam Schiphol, fly to Zurich, train","Rorschach, Hauptbahnhof Süd","Altenrhein, Flugplatz",-1,115,bus,2,,,-1,-1,,,,4,7
100, 'Antwerp',115, 'Altenrhein',3,Train,Anvers-Central,Bruxelles-Nord,100,116,train,3,,,-1,-1,6,6,EUR,44,41
100, 'Antwerp',115, 'Altenrhein',3,Train,Bruxelles-Nord,Frankfurt(M) Flughafen Fernbf,116,174,train,3,,,-1,-1,30,30,EUR,384,163
100, 'Antwerp',115, 'Altenrhein',3,Train,Frankfurt,Ulm Hauptbahnhof,174,-1,train,3,,,174,-1,51,50,EUR,271,139
100, 'Antwerp',115, 'Altenrhein',3,Train,Ulm Hauptbahnhof,"Lindau, Reutin Bahnhof",-1,-1,train,3,,,-1,-1,29,29,EUR,128,96
100, 'Antwerp',115, 'Altenrhein',3,Train,"Lindau, Reutin Bahnhof",St. Margrethen SG,-1,-1,train,3,,,-1,-1,3,3,EUR,20,17
100, 'Antwerp',115, 'Altenrhein',3,Train,St. Margrethen SG,Staad SG,-1,115,train,3,,,-1,-1,2,,,9,7
100, 'Antwerp',115, 'Altenrhein',4,Train via Luxembourg,Anvers-Central,Bruxelles-Nord,100,116,train,3,,,-1,-1,6,6,EUR,44,41
100, 'Antwerp',115, 'Altenrhein',4,Train via Luxembourg,Bruxelles-Nord,Luxembourg,116,233,train,3,,,-1,233,19,20,EUR,225,186
100, 'Antwerp',115, 'Altenrhein',4,Train via Luxembourg,Luxembourg,Mulhouse Ville,233,-1,train,3,,,233,-1,56,55,EUR,314,150
100, 'Antwerp',115, 'Altenrhein',4,Train via Luxembourg,Mulhouse,Zürich HB,-1,370,train,3,,,-1,-1,30,30,EUR,122,80
100, 'Antwerp',115, 'Altenrhein',4,Train via Luxembourg,Zürich HB,Rorschach,370,-1,train,3,,,-1,-1,29,,,102,90
100, 'Antwerp',115, 'Altenrhein',4,Train via Luxembourg,"Rorschach, Hauptbahnhof Süd","Altenrhein, Schulhaus",-1,115,bus,2,,,-1,-1,,,,4,10
100, 'Antwerp',115, 'Altenrhein',5,Bus,Antwerp,Zurich Bus Station,100,370,bus,2,,,100,-1,30,30,EUR,726,695
100, 'Antwerp',115, 'Altenrhein',5,Bus,Zurich Bus Station,St. Gallen train station,370,-1,bus,2,,,-1,-1,3,3,EUR,84,65
100, 'Antwerp',115, 'Altenrhein',5,Bus,St. Gallen train station,"St. Gallen, Bahnhof",-1,-1,walk,6,,,-1,-1,,,,0,5
100, 'Antwerp',115, 'Altenrhein',5,Bus,"St. Gallen, Bahnhof","Rorschach Stadt, Bahnhof",-1,-1,bus,2,,,-1,-1,2,,,15,38
100, 'Antwerp',115, 'Altenrhein',5,Bus,"Rorschach Stadt, Bahnhof","Altenrhein, Schulhaus",-1,115,bus,2,,,-1,-1,,,,6,16
100, 'Antwerp',115, 'Altenrhein',6,"Night bus, train",Zurich Bus Station,Zürich HB,370,370,walk,6,,,-1,-1,,,,1,7
100, 'Antwerp',115, 'Altenrhein',6,"Night bus, train",Zürich HB,Rorschach,370,-1,train,3,,,-1,-1,36,,,102,90
100, 'Antwerp',115, 'Altenrhein',6,"Night bus, train","Rorschach, Hauptbahnhof Süd","Altenrhein, Schulhaus",-1,115,bus,2,,,-1,-1,,,,4,10
100, 'Antwerp',115, 'Altenrhein',7,Drive,Antwerp,Altenrhein,100,115,car,4,,,100,115,132,,,748,421
100, 'Antwerp',117, 'Burgas',0,"Train, train to Eindhoven, fly to Burgas",Anvers-Central,Breda,100,-1,train,3,,,-1,-1,7,7,EUR,56,34
100, 'Antwerp',117, 'Burgas',0,"Train, train to Eindhoven, fly to Burgas",Breda,Eindhoven Centraal,-1,172,train,3,,,-1,-1,10,10,EUR,58,38
100, 'Antwerp',117, 'Burgas',0,"Train, train to Eindhoven, fly to Burgas","Eindhoven, Station","Eindhoven, Airport",172,172,bus,2,,,-1,-1,2,2,EUR,9,24
100, 'Antwerp',117, 'Burgas',0,"Train, train to Eindhoven, fly to Burgas",Eindhoven,Burgas,-1,-1,flight,1,EIN,BOJ,172,117,42,,,,375
100, 'Antwerp',117, 'Burgas',0,"Train, train to Eindhoven, fly to Burgas",Sarafovo,Burgas South,117,117,bus,2,,,-1,-1,1,2,BGN,15,16
100, 'Antwerp',117, 'Burgas',1,"Fly Brussels to Bucharest Otopeni, shuttle",Anvers-Central,Brussels Airport - Zaventem,100,-1,train,3,,,-1,-1,11,11,EUR,39,30
100, 'Antwerp',117, 'Burgas',1,"Fly Brussels to Bucharest Otopeni, shuttle",Brussels,Bucharest Otopeni,-1,-1,flight,1,BRU,OTP,116,134,61,,,,150
100, 'Antwerp',117, 'Burgas',1,"Fly Brussels to Bucharest Otopeni, shuttle",Bucharest Otopeni Airport,Burgas,-1,117,shuttle,9,,,-1,117,150,140,EUR,361,300
100, 'Antwerp',117, 'Burgas',2,"Train to Amsterdam Schiphol, fly to Bucharest Otopeni, shuttle",Anvers-Central,Schiphol Airport,100,111,train,3,,,-1,-1,52,50,EUR,146,55
100, 'Antwerp',117, 'Burgas',2,"Train to Amsterdam Schiphol, fly to Bucharest Otopeni, shuttle",Amsterdam Schiphol,Bucharest Otopeni,-1,-1,flight,1,AMS,OTP,111,134,66,,,,165
100, 'Antwerp',117, 'Burgas',2,"Train to Amsterdam Schiphol, fly to Bucharest Otopeni, shuttle",Bucharest Otopeni Airport,Burgas,-1,117,shuttle,9,,,-1,117,150,140,EUR,361,300
100, 'Antwerp',117, 'Burgas',3,"Train, train to Eindhoven, fly to Varna, shuttle",Anvers-Central,Breda,100,-1,train,3,,,-1,-1,7,7,EUR,56,34
100, 'Antwerp',117, 'Burgas',3,"Train, train to Eindhoven, fly to Varna, shuttle",Breda,Eindhoven Centraal,-1,172,train,3,,,-1,-1,10,10,EUR,58,38
100, 'Antwerp',117, 'Burgas',3,"Train, train to Eindhoven, fly to Varna, shuttle","Eindhoven, Station","Eindhoven, Airport",172,172,bus,2,,,-1,-1,2,2,EUR,9,24
100, 'Antwerp',117, 'Burgas',3,"Train, train to Eindhoven, fly to Varna, shuttle",Eindhoven,Varna,-1,-1,flight,1,EIN,VAR,172,349,24,,,,170
100, 'Antwerp',117, 'Burgas',3,"Train, train to Eindhoven, fly to Varna, shuttle",Varna Airport,Burgas,349,117,shuttle,9,,,-1,117,56,55,EUR,139,120
100, 'Antwerp',117, 'Burgas',4,"Bus to Charleroi, fly to Varna, shuttle",Anvers-Central,Brussels Airport - Zaventem,100,-1,train,3,,,-1,-1,11,11,EUR,39,30
100, 'Antwerp',117, 'Burgas',4,"Bus to Charleroi, fly to Varna, shuttle",Brussels Zaventem Airport Parking P16,Charleroi Airport,-1,-1,bus,2,,,-1,-1,12,12,EUR,72,30
100, 'Antwerp',117, 'Burgas',4,"Bus to Charleroi, fly to Varna, shuttle",Charleroi,Varna,-1,-1,flight,1,CRL,VAR,116,349,52,,,,175
100, 'Antwerp',117, 'Burgas',4,"Bus to Charleroi, fly to Varna, shuttle",Varna Airport,Burgas,349,117,shuttle,9,,,-1,117,56,55,EUR,139,120
100, 'Antwerp',117, 'Burgas',5,"Fly Brussels to Istanbul, bus",Anvers-Central,Brussels Airport - Zaventem,100,-1,train,3,,,-1,-1,11,11,EUR,39,30
100, 'Antwerp',117, 'Burgas',5,"Fly Brussels to Istanbul, bus",Brussels,Istanbul,-1,-1,flight,1,BRU,IST,116,207,89,,,,200
100, 'Antwerp',117, 'Burgas',5,"Fly Brussels to Istanbul, bus",Istanbul (IST),Ataturk Airport Havalimani,-1,207,taxi,5,,,-1,-1,16,330,TRY,42,31
100, 'Antwerp',117, 'Burgas',5,"Fly Brussels to Istanbul, bus",Ataturk Airport Havalimani,Otogar,207,207,train,3,,,-1,-1,1,4,TRY,12,21
100, 'Antwerp',117, 'Burgas',5,"Fly Brussels to Istanbul, bus",Istanbul,Burgas South,207,117,bus,2,,,207,-1,19,19,EUR,324,300
100, 'Antwerp',117, 'Burgas',6,"Train, train to Dusseldorf, fly to Burgas",Anvers-Central,Bruxelles-Nord,100,116,train,3,,,-1,-1,6,6,EUR,44,41
100, 'Antwerp',117, 'Burgas',6,"Train, train to Dusseldorf, fly to Burgas",Bruxelles-Nord,Koeln Hbf,116,145,train,3,,,-1,-1,19,19,EUR,216,101
100, 'Antwerp',117, 'Burgas',6,"Train, train to Dusseldorf, fly to Burgas",Köln Hbf,D-Flughafen Bf,145,161,train,3,,,-1,-1,11,11,EUR,48,30
100, 'Antwerp',117, 'Burgas',6,"Train, train to Dusseldorf, fly to Burgas",D-Flughafen Bf,D-Flughafen Terminal A/B,161,161,bus,2,,,-1,-1,,,,11,5
100, 'Antwerp',117, 'Burgas',6,"Train, train to Dusseldorf, fly to Burgas",Dusseldorf,Burgas,-1,-1,flight,1,DUS,BOJ,161,117,122,,,,170
100, 'Antwerp',117, 'Burgas',6,"Train, train to Dusseldorf, fly to Burgas",Sarafovo,Burgas South,117,117,bus,2,,,-1,-1,1,2,BGN,15,16
100, 'Antwerp',117, 'Burgas',7,Fly Brussels to Burgas,Anvers-Central,Brussels Airport - Zaventem,100,-1,train,3,,,-1,-1,11,11,EUR,39,30
100, 'Antwerp',117, 'Burgas',7,Fly Brussels to Burgas,Brussels,Burgas,-1,-1,flight,1,BRU,BOJ,116,117,85,,,,195
100, 'Antwerp',117, 'Burgas',7,Fly Brussels to Burgas,Sarafovo,Burgas South,117,117,bus,2,,,-1,-1,1,2,BGN,15,16
100, 'Antwerp',117, 'Burgas',8,"Train, bus",Anvers-Central,Bruxelles-Nord,100,116,train,3,,,-1,-1,6,6,EUR,44,41
100, 'Antwerp',117, 'Burgas',8,"Train, bus",Bruxelles-Nord,Frankfurt(M) Flughafen Fernbf,116,174,train,3,,,-1,-1,28,30,EUR,384,163
100, 'Antwerp',117, 'Burgas',8,"Train, bus",Frankfurt,München Hbf,174,247,train,3,,,174,-1,71,70,EUR,406,247
100, 'Antwerp',117, 'Burgas',8,"Train, bus",Hauptbahnhof,Hackerbrücke,247,247,train,3,,,-1,-1,1,1,EUR,1,2
100, 'Antwerp',117, 'Burgas',8,"Train, bus",Munich Central Bus Station,Burgas Bus Station South,247,117,bus,2,,,-1,-1,80,160,BGN,1866,1770
100, 'Antwerp',117, 'Burgas',9,"Train, bus via Budapest",Anvers-Central,Bruxelles-Nord,100,116,train,3,,,-1,-1,6,6,EUR,44,41
100, 'Antwerp',117, 'Burgas',9,"Train, bus via Budapest",Bruxelles-Nord,Wien Hbf,116,348,train,3,,,-1,-1,89,90,EUR,1151,811
100, 'Antwerp',117, 'Burgas',9,"Train, bus via Budapest",Wien Hbf,Budapest-Kelenfoeld,348,123,train,3,,,-1,-1,7,7,EUR,244,144
100, 'Antwerp',117, 'Burgas',9,"Train, bus via Budapest",Budapest Nepliget,Burgas Bus Station South,123,117,bus,2,,,-1,-1,122,120,EUR,1210,1180
100, 'Antwerp',117, 'Burgas',10,Bus,Antwerpen,Sofia,100,309,bus,2,,,-1,309,226,220,EUR,2226,2100
100, 'Antwerp',117, 'Burgas',10,Bus,Sofia,Burgas West,309,117,bus,2,,,309,-1,11,21,BGN,384,390
100, 'Antwerp',117, 'Burgas',11,Bus via Antwerp Berchem Bus Stop,Antwerp Berchem Bus Stop,Sofia Central Bus Station,100,309,bus,2,,,-1,-1,66,130,BGN,2258,2130
100, 'Antwerp',117, 'Burgas',11,Bus via Antwerp Berchem Bus Stop,Sofia,Burgas West,309,117,bus,2,,,309,-1,11,21,BGN,384,390
100, 'Antwerp',117, 'Burgas',12,"Drive, car train",Antwerp,Villach Hbf/Bbf,100,-1,car,4,,,100,-1,188,,,1093,568
100, 'Antwerp',117, 'Burgas',12,"Drive, car train",Edirne,Burgas,-1,117,car,4,,,-1,117,28,,,203,158
100, 'Antwerp',117, 'Burgas',13,Drive,Antwerp,Burgas,100,117,car,4,,,100,117,404,,,2450,1331
100, 'Antwerp',119, 'Belfast',0,Fly Brussels to Belfast City,Anvers-Central,Brussels Airport - Zaventem,100,-1,train,3,,,-1,-1,11,11,EUR,39,30
100, 'Antwerp',119, 'Belfast',0,Fly Brussels to Belfast City,Brussels,Belfast City,-1,-1,flight,1,BRU,BHD,116,119,91,,,,220
100, 'Antwerp',119, 'Belfast',0,Fly Brussels to Belfast City,Belfast City Airport,Belfast Europa Bus Centre,119,119,bus,2,,,-1,-1,3,,,6,13
100, 'Antwerp',119, 'Belfast',1,"Train to Amsterdam Schiphol, fly to Belfast City",Anvers-Central,Schiphol Airport,100,111,train,3,,,-1,-1,51,50,EUR,146,55
100, 'Antwerp',119, 'Belfast',1,"Train to Amsterdam Schiphol, fly to Belfast City",Amsterdam Schiphol,Belfast City,-1,-1,flight,1,AMS,BHD,111,119,62,,,,90
100, 'Antwerp',119, 'Belfast',1,"Train to Amsterdam Schiphol, fly to Belfast City",Belfast City Airport,Belfast Europa Bus Centre,119,119,bus,2,,,-1,-1,3,,,6,13
100, 'Antwerp',119, 'Belfast',2,"Train to Amsterdam Schiphol, fly to Belfast (Aldergrove)",Anvers-Central,Schiphol Airport,100,111,train,3,,,-1,-1,51,50,EUR,146,55
100, 'Antwerp',119, 'Belfast',2,"Train to Amsterdam Schiphol, fly to Belfast (Aldergrove)",Amsterdam Schiphol,Belfast (Aldergrove),-1,-1,flight,1,AMS,BFS,111,119,51,,,,100
100, 'Antwerp',119, 'Belfast',2,"Train to Amsterdam Schiphol, fly to Belfast (Aldergrove)",Belfast,Belfast Europa Bus Centre,-1,119,bus,2,,,119,-1,5,,,32,45
100, 'Antwerp',119, 'Belfast',3,"Fly Brussels to Dublin, bus",Anvers-Central,Brussels Airport - Zaventem,100,-1,train,3,,,-1,-1,11,11,EUR,39,30
100, 'Antwerp',119, 'Belfast',3,"Fly Brussels to Dublin, bus",Brussels,Dublin,-1,-1,flight,1,BRU,DUB,116,162,18,,,,100
100, 'Antwerp',119, 'Belfast',3,"Fly Brussels to Dublin, bus",Dublin Airport,"Belfast, Glengall Street",-1,119,bus,2,,,-1,-1,9,,,157,110
100, 'Antwerp',119, 'Belfast',4,"Train to Amsterdam Schiphol, fly to Dublin, bus",Anvers-Central,Schiphol Airport,100,111,train,3,,,-1,-1,51,50,EUR,146,55
100, 'Antwerp',119, 'Belfast',4,"Train to Amsterdam Schiphol, fly to Dublin, bus",Amsterdam Schiphol,Dublin,-1,-1,flight,1,AMS,DUB,111,162,23,,,,95
100, 'Antwerp',119, 'Belfast',4,"Train to Amsterdam Schiphol, fly to Dublin, bus",Dublin Airport,"Belfast, Glengall Street",-1,119,bus,2,,,-1,-1,9,,,157,110
100, 'Antwerp',119, 'Belfast',5,"Train, bus and ferry",Anvers-Central,Brussel-Zuid / Bruxelles-Midi,100,116,train,3,,,-1,-1,40,40,EUR,47,35
100, 'Antwerp',119, 'Belfast',5,"Train, bus and ferry",Brussel-Zuid / Bruxelles-Midi,London St Pancras Intl,116,225,train,3,,,-1,-1,102,100,EUR,371,125
100, 'Antwerp',119, 'Belfast',5,"Train, bus and ferry",London Kings Cross,Glasgow Central,225,184,train,3,,,-1,-1,62,,,706,354
100, 'Antwerp',119, 'Belfast',5,"Train, bus and ferry",Glasgow Central,Troon,184,-1,train,3,,,-1,-1,8,,,55,47
100, 'Antwerp',119, 'Belfast',5,"Train, bus and ferry",Troon,Stranraer,-1,-1,train,3,,,-1,-1,15,,,103,95
100, 'Antwerp',119, 'Belfast',5,"Train, bus and ferry",Stranraer,Stranraer Port Rodie,-1,-1,walk,6,,,-1,-1,,,,1,9
100, 'Antwerp',119, 'Belfast',6,"Train, bus, car ferry",Anvers-Central,Bruxelles-Midi,100,116,train,3,,,-1,-1,6,6,EUR,48,55
100, 'Antwerp',119, 'Belfast',6,"Train, bus, car ferry",Brussel-Zuid / Bruxelles-Midi,London St Pancras Intl,116,225,train,3,,,-1,-1,102,100,EUR,371,125
100, 'Antwerp',119, 'Belfast',6,"Train, bus, car ferry",London Finchley Road Station,"Liverpool One Bus Station, Canning Place",225,222,bus,2,,,-1,-1,18,18,EUR,345,315
100, 'Antwerp',119, 'Belfast',6,"Train, bus, car ferry","Liverpool One Bus Station, Canning Place",Liverpool,222,222,walk,6,,,-1,222,,,,1,15
100, 'Antwerp',119, 'Belfast',6,"Train, bus, car ferry",Liverpool,Isle of Man Douglas,222,-1,carferry,10,,,222,-1,15,,,131,165
100, 'Antwerp',119, 'Belfast',6,"Train, bus, car ferry",Isle of Man Douglas,Belfast,-1,119,carferry,10,,,-1,119,12,12,EUR,106,255
100, 'Antwerp',119, 'Belfast',7,"Bus, bus and ferry",Antwerp,London Victoria Coach Station,100,225,bus,2,,,100,-1,19,20,EUR,387,510
100, 'Antwerp',119, 'Belfast',7,"Bus, bus and ferry",London Victoria Coach Station,Glasgow Buchanan Bus Station,225,184,bus,2,,,-1,-1,16,,,648,480
100, 'Antwerp',119, 'Belfast',8,"Bus, car ferry",Antwerp,London - Victoria Coach Station,100,225,bus,2,,,100,-1,15,14,EUR,421,585
100, 'Antwerp',119, 'Belfast',8,"Bus, car ferry","Belgravia, Victoria Coach Station",Liverpool ONE Bus Station,225,222,bus,2,,,-1,-1,17,,,378,390
100, 'Antwerp',119, 'Belfast',8,"Bus, car ferry",Liverpool ONE Bus Station,Liverpool,222,222,walk,6,,,-1,222,,,,1,14
100, 'Antwerp',119, 'Belfast',8,"Bus, car ferry",Liverpool,Isle of Man Douglas,222,-1,carferry,10,,,222,-1,15,,,131,165
100, 'Antwerp',119, 'Belfast',8,"Bus, car ferry",Isle of Man Douglas,Belfast,-1,119,carferry,10,,,-1,119,12,12,EUR,106,255
100, 'Antwerp',121, 'Bournemouth',0,Train,Anvers-Central,Brussel-Zuid / Bruxelles-Midi,100,116,train,3,,,-1,-1,40,40,EUR,47,35
100, 'Antwerp',121, 'Bournemouth',0,Train,Brussel-Zuid / Bruxelles-Midi,London St Pancras Intl,116,225,train,3,,,-1,-1,102,100,EUR,371,125
100, 'Antwerp',121, 'Bournemouth',0,Train,London Waterloo,Bournemouth,225,121,train,3,,,-1,121,51,,,173,114
100, 'Antwerp',121, 'Bournemouth',1,Bus,Antwerp,London Victoria Coach Station,100,225,bus,2,,,100,-1,19,20,EUR,387,510
100, 'Antwerp',121, 'Bournemouth',1,Bus,London Victoria Coach Station,"Bournemouth Station, off Holdenhurst Rd",225,121,bus,2,,,-1,-1,7,,,171,150
100, 'Antwerp',121, 'Bournemouth',2,"Bus, night bus",Antwerp,London - Victoria Coach Station,100,225,bus,2,,,100,-1,15,14,EUR,421,585
100, 'Antwerp',121, 'Bournemouth',3,"Drive, Eurotunnel",Antwerp,Calais-Fréthun,100,-1,car,4,,,100,-1,34,,,213,131
100, 'Antwerp',121, 'Bournemouth',3,"Drive, Eurotunnel",Folkestone,Bournemouth,-1,121,car,4,,,-1,121,51,,,270,168
100, 'Antwerp',121, 'Bournemouth',4,"Drive, car ferry",Antwerp,Dunkirk,100,-1,car,4,,,100,-1,29,,,181,116
100, 'Antwerp',121, 'Bournemouth',4,"Drive, car ferry",Dunkirk,Dover,-1,-1,carferry,10,,,-1,-1,91,,,65,120
100, 'Antwerp',121, 'Bournemouth',4,"Drive, car ferry",Dover,Bournemouth,-1,121,car,4,,,-1,121,51,,,285,178
100, 'Antwerp',121, 'Bournemouth',5,"Train to Rotterdam, fly to London City, train",Anvers-Central,Rotterdam Centraal,100,306,train,3,,,-1,-1,45,45,EUR,93,32
100, 'Antwerp',121, 'Bournemouth',5,"Train to Rotterdam, fly to London City, train","Rotterdam, Rotterdam Centraal perron AA","Rotterdam, Rotterdam Airport",306,306,bus,2,,,-1,-1,2,2,EUR,7,19
100, 'Antwerp',121, 'Bournemouth',5,"Train to Rotterdam, fly to London City, train",Rotterdam,London City,-1,-1,flight,1,RTM,LCY,306,225,68,,,,55
100, 'Antwerp',121, 'Bournemouth',5,"Train to Rotterdam, fly to London City, train",London City Airport DLR Station,Canning Town DLR Station,-1,225,train,3,,,-1,-1,1,,,3,6
100, 'Antwerp',121, 'Bournemouth',5,"Train to Rotterdam, fly to London City, train",London Waterloo,Bournemouth,225,121,train,3,,,-1,121,51,,,173,114
100, 'Antwerp',121, 'Bournemouth',6,"Train to Amsterdam Schiphol, fly to Southampton, train",Anvers-Central,Schiphol Airport,100,111,train,3,,,-1,-1,51,50,EUR,146,55
100, 'Antwerp',121, 'Bournemouth',6,"Train to Amsterdam Schiphol, fly to Southampton, train",Amsterdam Schiphol,Southampton,-1,-1,flight,1,AMS,SOU,111,311,85,,,,70
100, 'Antwerp',121, 'Bournemouth',6,"Train to Amsterdam Schiphol, fly to Southampton, train",Southampton Airport Parkway,Bournemouth,311,121,train,3,,,-1,121,16,,,53,45
100, 'Antwerp',121, 'Bournemouth',7,"Fly Brussels to London Heathrow, train",Anvers-Central,Brussels Airport - Zaventem,100,-1,train,3,,,-1,-1,11,11,EUR,39,30
100, 'Antwerp',121, 'Bournemouth',7,"Fly Brussels to London Heathrow, train",Brussels,London Heathrow,-1,-1,flight,1,BRU,LHR,116,225,51,,,,65
100, 'Antwerp',121, 'Bournemouth',7,"Fly Brussels to London Heathrow, train",Heathrow Terminals 2 & 3,Hayes And Harlington Station,-1,-1,train,3,,,-1,-1,2,,,6,6
100, 'Antwerp',121, 'Bournemouth',7,"Fly Brussels to London Heathrow, train",Hayes & Harlington,Reading,-1,-1,train,3,,,-1,-1,7,,,40,33
100, 'Antwerp',121, 'Bournemouth',7,"Fly Brussels to London Heathrow, train",Reading,Bournemouth,-1,121,train,3,,,-1,121,45,,,121,83
100, 'Antwerp',121, 'Bournemouth',8,"Fly Brussels to Birmingham, train",Anvers-Central,Brussels Airport - Zaventem,100,-1,train,3,,,-1,-1,11,11,EUR,39,30
100, 'Antwerp',121, 'Bournemouth',8,"Fly Brussels to Birmingham, train",Brussels,Birmingham,-1,-1,flight,1,BRU,BHX,116,120,31,,,,70
100, 'Antwerp',121, 'Bournemouth',8,"Fly Brussels to Birmingham, train",Birmingham (BHX),Birmingham International,120,-1,walk,6,,,-1,-1,,,,1,9
100, 'Antwerp',121, 'Bournemouth',8,"Fly Brussels to Birmingham, train",Birmingham International,Bournemouth,-1,121,train,3,,,-1,121,85,,,266,182
100, 'Antwerp',121, 'Bournemouth',9,"Train to Amsterdam Schiphol, fly to London Gatwick, train",Anvers-Central,Schiphol Airport,100,111,train,3,,,-1,-1,51,50,EUR,146,55
100, 'Antwerp',121, 'Bournemouth',9,"Train to Amsterdam Schiphol, fly to London Gatwick, train",Amsterdam Schiphol,London Gatwick,-1,-1,flight,1,AMS,LGW,111,225,40,,,,70
100, 'Antwerp',121, 'Bournemouth',9,"Train to Amsterdam Schiphol, fly to London Gatwick, train",Gatwick Airport,Clapham Junction,-1,225,train,3,,,-1,-1,9,,,38,24
100, 'Antwerp',121, 'Bournemouth',9,"Train to Amsterdam Schiphol, fly to London Gatwick, train",Clapham Junction,Bournemouth,225,121,train,3,,,-1,121,51,,,167,107
100, 'Antwerp',121, 'Bournemouth',10,"Train to Amsterdam Schiphol, fly to Bristol, train",Anvers-Central,Schiphol Airport,100,111,train,3,,,-1,-1,51,50,EUR,146,55
100, 'Antwerp',121, 'Bournemouth',10,"Train to Amsterdam Schiphol, fly to Bristol, train",Amsterdam Schiphol,Bristol,-1,-1,flight,1,AMS,BRS,111,122,40,,,,75
100, 'Antwerp',121, 'Bournemouth',10,"Train to Amsterdam Schiphol, fly to Bristol, train",Bristol Airport,Bristol Temple Meads,-1,122,shuttle,9,,,-1,-1,9,,,13,19
100, 'Antwerp',121, 'Bournemouth',10,"Train to Amsterdam Schiphol, fly to Bristol, train",Bristol Temple Meads,Southampton Central,122,311,train,3,,,-1,-1,32,,,123,100
100, 'Antwerp',121, 'Bournemouth',10,"Train to Amsterdam Schiphol, fly to Bristol, train",Southampton Central,Bournemouth,311,121,train,3,,,-1,121,14,,,46,35
100, 'Antwerp',121, 'Bournemouth',11,"Train, train to Eindhoven, fly to London Stansted",Anvers-Central,Breda,100,-1,train,3,,,-1,-1,7,7,EUR,56,34
100, 'Antwerp',121, 'Bournemouth',11,"Train, train to Eindhoven, fly to London Stansted",Breda,Eindhoven Centraal,-1,172,train,3,,,-1,-1,10,10,EUR,58,38
100, 'Antwerp',121, 'Bournemouth',11,"Train, train to Eindhoven, fly to London Stansted","Eindhoven, Station","Eindhoven, Airport",172,172,bus,2,,,-1,-1,2,2,EUR,9,24
100, 'Antwerp',121, 'Bournemouth',11,"Train, train to Eindhoven, fly to London Stansted",Eindhoven,London Stansted,-1,-1,flight,1,EIN,STN,172,225,23,,,,65
100, 'Antwerp',121, 'Bournemouth',11,"Train, train to Eindhoven, fly to London Stansted",Stansted Airport,Tottenham Hale,-1,225,train,3,,,-1,-1,15,,,50,35
100, 'Antwerp',121, 'Bournemouth',11,"Train, train to Eindhoven, fly to London Stansted",London Waterloo,Bournemouth,225,121,train,3,,,-1,121,51,,,173,114
